steps,time
case fold,0.0033737999619916
filtering,0.014024700038135
remove stopwords,19.07184380001854
stemming,328.6153573000338
